<?xml version="1.0" encoding="UTF-8" standalone="yes"?>
<addon id="plugin.program.plk" name="PLK" version="2.02" provider-name="OOLP">
  <requires>
    <import addon="xbmc.python" version="2.1.0"/>
  </requires>
  <extension point="xbmc.python.pluginsource" library="default.py">
    <provides>executable</provides>
  </extension>
  <extension point="xbmc.service" library="startup.py" start="startup" />
  <extension point="xbmc.addon.metadata">
    <summary lang="en">PLK</summary>
    <description lang="en">OOLP</description>
    <platform>all</platform>
  </extension>
</addon>